statename,activity
Alabama,2.1875
Alaska,1.25
Arizona,1.1875
Arkansas,1.5833333333333333
California,1.4166666666666667
Colorado,1.0833333333333333
Connecticut,1.5625
Delaware,1.0833333333333333
Florida,1.1875
Georgia,3.2916666666666665
Hawaii,2.5
Idaho,1.2083333333333333
Illinois,1.7291666666666667
Indiana,1.5416666666666667
Iowa,1.0833333333333333
Kansas,1.25
Kentucky,1.5
Louisiana,2.5625
Maine,1.2916666666666667
Maryland,2.3541666666666665
Massachusetts,1.6041666666666667
Michigan,1.0416666666666667
Minnesota,1.0
Mississippi,4.354166666666667
Missouri,1.2708333333333333
Montana,1.0208333333333333
Nebraska,1.0208333333333333
Nevada,2.2291666666666665
New Hampshire,1.0
New Jersey,2.3333333333333335
New Mexico,1.4583333333333333
New York,1.8333333333333333
New York City,3.6875
North Carolina,1.25
North Dakota,2.2708333333333335
Ohio,1.0
Oklahoma,1.3541666666666667
Oregon,1.8125
Pennsylvania,2.25
Rhode Island,1.4583333333333333
South Carolina,1.5208333333333333
South Dakota,1.6458333333333333
Tennessee,1.1666666666666667
Texas,2.2708333333333335
Utah,2.4375
Vermont,1.0208333333333333
Virginia,3.4583333333333335
Washington,1.3125
West Virginia,1.0208333333333333
Wisconsin,1.5208333333333333
Wyoming,1.2083333333333333
