statename,activity
Alabama,2.1923076923076925
Alaska,1.5192307692307692
Arizona,3.7884615384615383
Arkansas,2.326923076923077
California,1.7115384615384615
Colorado,2.2115384615384617
Connecticut,2.4423076923076925
Delaware,1.0192307692307692
District of Columbia,0.0
Florida,1.7884615384615385
Georgia,3.173076923076923
Hawaii,2.173076923076923
Idaho,1.1730769230769231
Illinois,2.6153846153846154
Indiana,1.5576923076923077
Iowa,1.1153846153846154
Kansas,1.5961538461538463
Kentucky,1.6923076923076923
Louisiana,2.019230769230769
Maine,1.0576923076923077
Maryland,2.076923076923077
Massachusetts,1.8269230769230769
Michigan,1.1346153846153846
Minnesota,1.5961538461538463
Mississippi,2.3076923076923075
Missouri,1.7115384615384615
Montana,1.0192307692307692
Nebraska,1.0
Nevada,1.9423076923076923
New Hampshire,1.0769230769230769
New Jersey,2.0961538461538463
New Mexico,2.4423076923076925
New York,1.4615384615384615
New York City,2.673076923076923
North Carolina,2.1538461538461537
North Dakota,1.0
Ohio,1.1538461538461537
Oklahoma,2.3461538461538463
Oregon,1.6153846153846154
Pennsylvania,2.1538461538461537
Puerto Rico,3.8076923076923075
Rhode Island,1.4615384615384615
South Carolina,2.4423076923076925
South Dakota,1.25
Tennessee,1.75
Texas,2.6538461538461537
Utah,2.480769230769231
Vermont,1.0576923076923077
Virginia,3.0384615384615383
Washington,1.1538461538461537
West Virginia,1.2307692307692308
Wisconsin,1.1538461538461537
Wyoming,1.5192307692307692
