statename,activity
Alabama,3.7115384615384617
Alaska,2.8461538461538463
Arizona,2.8846153846153846
Arkansas,2.826923076923077
California,2.3076923076923075
Colorado,2.4423076923076925
Connecticut,1.5961538461538463
Delaware,1.0
District of Columbia,0.0
Florida,1.8653846153846154
Georgia,4.615384615384615
Hawaii,1.7307692307692308
Idaho,1.1538461538461537
Illinois,2.7115384615384617
Indiana,2.6923076923076925
Iowa,1.5
Kansas,3.0
Kentucky,3.5961538461538463
Louisiana,3.4038461538461537
Maine,1.0961538461538463
Maryland,2.0961538461538463
Massachusetts,1.8653846153846154
Michigan,2.269230769230769
Minnesota,2.076923076923077
Mississippi,3.4038461538461537
Missouri,2.8461538461538463
Montana,1.0
Nebraska,1.5769230769230769
Nevada,1.6923076923076923
New Hampshire,1.2884615384615385
New Jersey,3.269230769230769
New Mexico,2.25
New York,2.8846153846153846
New York City,3.1538461538461537
North Carolina,2.769230769230769
North Dakota,1.5961538461538463
Ohio,1.6538461538461537
Oklahoma,3.9615384615384617
Oregon,1.9807692307692308
Pennsylvania,2.519230769230769
Puerto Rico,3.2884615384615383
Rhode Island,2.576923076923077
South Carolina,3.9038461538461537
South Dakota,2.269230769230769
Tennessee,3.326923076923077
Texas,2.4423076923076925
Utah,1.7692307692307692
Vermont,1.0
Virginia,3.4423076923076925
Washington,1.5576923076923077
West Virginia,1.7115384615384615
Wisconsin,1.5192307692307692
Wyoming,1.9230769230769231
