statename,activity
Alabama,3.0
Alaska,1.5769230769230769
Arizona,1.6538461538461537
Arkansas,2.519230769230769
California,1.9038461538461537
Colorado,2.673076923076923
Connecticut,2.0
Delaware,2.3076923076923075
District of Columbia,3.3461538461538463
Florida,1.4807692307692308
Georgia,1.5192307692307692
Hawaii,2.2884615384615383
Idaho,1.3846153846153846
Illinois,1.7115384615384615
Indiana,1.7115384615384615
Iowa,1.0
Kansas,2.480769230769231
Kentucky,1.8076923076923077
Louisiana,3.5
Maine,1.0576923076923077
Maryland,1.1346153846153846
Massachusetts,1.7692307692307692
Michigan,1.6346153846153846
Minnesota,2.4615384615384617
Mississippi,3.3653846153846154
Missouri,2.2884615384615383
Montana,1.1923076923076923
Nebraska,1.3076923076923077
Nevada,2.0384615384615383
New Hampshire,1.0
New Jersey,2.423076923076923
New Mexico,2.1538461538461537
New York,1.6346153846153846
New York City,2.769230769230769
North Carolina,1.7692307692307692
North Dakota,1.0
Ohio,1.2115384615384615
Oklahoma,3.076923076923077
Oregon,1.5576923076923077
Pennsylvania,1.5576923076923077
Puerto Rico,1.08
Rhode Island,1.4615384615384615
South Carolina,1.9230769230769231
South Dakota,1.4807692307692308
Tennessee,2.230769230769231
Texas,5.134615384615385
Utah,2.7058823529411766
Vermont,2.25
Virginia,2.980769230769231
Washington,1.6923076923076923
West Virginia,1.3846153846153846
Wisconsin,1.7692307692307692
Wyoming,1.3653846153846154
