statename,activity
Alabama,3.7547169811320753
Alaska,1.5660377358490567
Arizona,2.0754716981132075
Arkansas,3.2641509433962264
California,2.2452830188679247
Colorado,3.2641509433962264
Connecticut,2.3773584905660377
Delaware,1.6415094339622642
District of Columbia,0.0
Florida,2.056603773584906
Georgia,2.7547169811320753
Hawaii,5.018867924528302
Idaho,3.2264150943396226
Illinois,2.490566037735849
Indiana,2.150943396226415
Iowa,1.679245283018868
Kansas,3.641509433962264
Kentucky,1.9433962264150944
Louisiana,3.943396226415094
Maine,1.5471698113207548
Maryland,1.8113207547169812
Massachusetts,2.188679245283019
Michigan,1.3584905660377358
Minnesota,2.9622641509433962
Mississippi,3.981132075471698
Missouri,2.943396226415094
Montana,1.320754716981132
Nebraska,2.207547169811321
Nevada,2.452830188679245
New Hampshire,1.1886792452830188
New Jersey,2.452830188679245
New Mexico,2.1132075471698113
New York,2.6037735849056602
New York City,2.3207547169811322
North Carolina,2.6226415094339623
North Dakota,1.830188679245283
Ohio,1.679245283018868
Oklahoma,3.6226415094339623
Oregon,1.0754716981132075
Pennsylvania,2.6792452830188678
Puerto Rico,6.452830188679245
Rhode Island,1.849056603773585
South Carolina,2.5660377358490565
South Dakota,1.7924528301886793
Tennessee,2.490566037735849
Texas,4.037735849056604
Utah,3.0
Vermont,2.2452830188679247
Virginia,3.2452830188679247
Washington,2.169811320754717
West Virginia,2.8867924528301887
Wisconsin,1.830188679245283
Wyoming,2.3773584905660377
