statename,activity
Alabama,3.480769230769231
Alaska,1.9807692307692308
Arizona,1.8461538461538463
Arkansas,2.0961538461538463
California,1.7884615384615385
Colorado,1.8461538461538463
Connecticut,1.1153846153846154
Delaware,1.5142857142857142
District of Columbia,0.4807692307692308
Florida,1.6730769230769231
Georgia,3.3076923076923075
Hawaii,1.9038461538461537
Idaho,2.326923076923077
Illinois,2.4038461538461537
Indiana,2.4038461538461537
Iowa,1.0576923076923077
Kansas,1.6923076923076923
Kentucky,1.7307692307692308
Louisiana,2.769230769230769
Maine,1.0769230769230769
Maryland,1.7307692307692308
Massachusetts,1.75
Michigan,1.2115384615384615
Minnesota,1.3653846153846154
Mississippi,2.6923076923076925
Missouri,2.0
Montana,1.1153846153846154
Nebraska,2.0384615384615383
Nevada,2.519230769230769
New Hampshire,1.0
New Jersey,2.75
New Mexico,2.4423076923076925
New York,1.4615384615384615
New York City,2.480769230769231
North Carolina,2.0961538461538463
North Dakota,1.5192307692307692
Ohio,1.3269230769230769
Oklahoma,2.9019607843137254
Oregon,1.2115384615384615
Pennsylvania,1.5576923076923077
Rhode Island,1.2692307692307692
South Carolina,2.1538461538461537
South Dakota,1.4230769230769231
Tennessee,2.1923076923076925
Texas,2.6153846153846154
Utah,1.8846153846153846
Vermont,1.1153846153846154
Virginia,2.9038461538461537
Washington,1.3076923076923077
West Virginia,1.9038461538461537
Wisconsin,1.5769230769230769
Wyoming,1.2884615384615385
